Symbol,Sector
20MICRONS,Basic Materials
21STCENMGM,Financial Services
360ONE,Financial Services
3IINFOLTD,Technology
3MINDIA,Industrials
3PLAND,Unknown
5PAISA,Financial Services
63MOONS,Technology
A2ZINFRA,Industrials
AAATECH,Technology
AADHARHFC,Financial Services
AAKASH,Energy
AAREYDRUGS,Healthcare
AARON,Industrials
AARTECH,Industrials
AARTIDRUGS,Healthcare
AARTIIND,Basic Materials
AARTIPHARM,Healthcare
AARTISURF,Basic Materials
AARVEEDEN,Consumer Cyclical
AARVI,Industrials
AAVAS,Financial Services
ABAN,Energy
ABB,Industrials
ABBOTINDIA,Healthcare
ABCAPITAL,Financial Services
ABDL,Consumer Defensive
ABFRL,Consumer Cyclical
ABINFRA,Industrials
ABLBL,Consumer Cyclical
ABMINTLLTD,Basic Materials
ABREL,Basic Materials
ABSLAMC,Financial Services
ACC,Basic Materials
ACCELYA,Technology
ACCURACY,Industrials
ACE,Industrials
ACEINTEG,Industrials
ACI,Basic Materials
ACL,Basic Materials
ACLGATI,Industrials
ACMESOLAR,Utilities
ACUTAAS,Basic Materials
ADANIENSOL,Utilities
ADANIENT,Energy
ADANIGREEN,Utilities
ADANIPORTS,Industrials
ADANIPOWER,Utilities
ADFFOODS,Consumer Defensive
ADL,Consumer Cyclical
ADOR,Industrials
ADROITINFO,Technology
ADSL,Technology
ADVANIHOTR,Consumer Cyclical
ADVENZYMES,Basic Materials
AEGISLOG,Energy
AEGISVOPAK,Energy
AEROENTER,Basic Materials
AEROFLEX,Industrials
AETHER,Basic Materials
AFCONS,Industrials
AFFLE,Communication Services
AFFORDABLE,Industrials
AFIL,Financial Services
AFSL,Financial Services
AGARIND,Basic Materials
AGARWALEYE,Healthcare
AGI,Consumer Cyclical
AGIIL,Real Estate
AGRITECH,Consumer Defensive
AGROPHOS,Basic Materials
AGSTRA,Technology
AHLADA,Industrials
AHLEAST,Consumer Cyclical
AHLUCONT,Industrials
AIAENG,Industrials
AIIL,Financial Services
AIRAN,Technology
AIROLAM,Consumer Cyclical
AJANTPHARM,Healthcare
AJAXENGG,Industrials
AJMERA,Real Estate
AJOONI,Consumer Defensive
AKASH,Industrials
AKG,Industrials
AKI,Consumer Cyclical
AKSHAR,Consumer Cyclical
AKSHARCHEM,Basic Materials
AKSHOPTFBR,Technology
AKUMS,Healthcare
AKZOINDIA,Basic Materials
ALANKIT,Technology
ALBERTDAVD,Healthcare
ALEMBICLTD,Real Estate
ALICON,Industrials
ALIVUS,Healthcare
ALKALI,Basic Materials
ALKEM,Healthcare
ALKYLAMINE,Basic Materials
ALLCARGO,Industrials
ALLDIGI,Industrials
ALMONDZ,Financial Services
ALOKINDS,Consumer Cyclical
ALPA,Healthcare
ALPHAGEO,Energy
ALPSINDUS,Consumer Cyclical
AMBER,Consumer Cyclical
AMBICAAGAR,Consumer Defensive
AMBIKCO,Consumer Cyclical
AMBUJACEM,Basic Materials
AMDIND,Consumer Cyclical
AMJLAND,Real Estate
AMNPLST,Basic Materials
AMRUTANJAN,Healthcare
ANANDRATHI,Financial Services
ANANTRAJ,Real Estate
ANDHRAPAP,Basic Materials
ANDHRSUGAR,Basic Materials
ANGELONE,Financial Services
ANIKINDS,Consumer Defensive
ANKITMETAL,Basic Materials
ANMOL,Energy
ANSALAPI,Real Estate
ANTGRAPHIC,Consumer Cyclical
ANTHEM,Healthcare
ANUHPHR,Healthcare
ANUP,Industrials
ANURAS,Basic Materials
APARINDS,Industrials
APCL,Basic Materials
APCOTEXIND,Basic Materials
APEX,Consumer Defensive
APLAPOLLO,Basic Materials
APLLTD,Healthcare
APOLLO,Industrials
APOLLOHOSP,Healthcare
APOLLOPIPE,Industrials
APOLLOTYRE,Consumer Cyclical
APOLSINHOT,Industrials
APTECHT,Consumer Defensive
APTUS,Financial Services
ARCHIDPLY,Basic Materials
ARCHIES,Consumer Cyclical
ARE&M,Industrials
ARENTERP,Basic Materials
ARFIN,Basic Materials
ARIES,Basic Materials
ARIHANTCAP,Financial Services
ARIHANTSUP,Real Estate
ARISINFRA,Industrials
ARKADE,Real Estate
ARMANFIN,Financial Services
AROGRANITE,Industrials
ARROWGREEN,Consumer Cyclical
ARSSINFRA,Industrials
ARTEMISMED,
ARTNIRMAN,Real Estate
ARVEE,Basic Materials
ARVIND,Consumer Cyclical
ARVINDFASN,Consumer Cyclical
ARVSMART,Real Estate
ASAHIINDIA,Consumer Cyclical
ASAHISONG,Basic Materials
ASAL,Consumer Cyclical
ASALCBR,Consumer Defensive
ASHAPURMIN,Basic Materials
ASHIANA,Real Estate
ASHIMASYN,Consumer Cyclical
ASHOKA,Industrials
ASHOKAMET,Basic Materials
ASHOKLEY,Industrials
ASIANENE,Energy
ASIANHOTNR,Consumer Cyclical
ASIANPAINT,Basic Materials
ASIANTILES,Industrials
ASKAUTOLTD,Consumer Cyclical
ASMS,Technology
ASPINWALL,Consumer Defensive
ASTEC,Basic Materials
ASTERDM,Healthcare
ASTRAL,Industrials
ASTRAMICRO,Technology
ASTRAZEN,Healthcare
ASTRON,Basic Materials
ATALREAL,Industrials
ATAM,Industrials
ATGL,Utilities
ATHERENERG,Consumer Cyclical
ATL,Industrials
ATLANTAA,Industrials
ATLASCYCLE,Consumer Cyclical
ATUL,Basic Materials
ATULAUTO,Consumer Cyclical
AUBANK,Financial Services
AURIONPRO,Technology
AUROPHARMA,Healthcare
AURUM,Real Estate
AUSOMENT,Financial Services
AUTOAXLES,Consumer Cyclical
AUTOIND,Consumer Cyclical
AVADHSUGAR,Consumer Defensive
AVALON,Technology
AVANTEL,Technology
AVANTIFEED,Consumer Defensive
AVG,Industrials
AVL,Consumer Cyclical
AVONMORE,Financial Services
AVROIND,Consumer Cyclical
AVTNPL,Basic Materials
AWFIS,Industrials
AWHCL,Industrials
AWL,Consumer Defensive
AXISBANK,Financial Services
AXISCADES,Industrials
AXITA,Consumer Cyclical
AYMSYNTEX,Consumer Cyclical
AZAD,Industrials
BAFNAPH,Healthcare
BAGFILMS,Communication Services
BAIDFIN,Financial Services
BAJAJ-AUTO,Consumer Cyclical
BAJAJCON,Consumer Defensive
BAJAJELEC,Consumer Cyclical
BAJAJFINSV,Financial Services
BAJAJHCARE,Healthcare
BAJAJHFL,Financial Services
BAJAJHIND,Consumer Defensive
BAJAJHLDNG,Financial Services
BAJAJINDEF,Industrials
BAJEL,Utilities
BAJFINANCE,Financial Services
BALAJEE,Consumer Cyclical
BALAJITELE,Communication Services
BALAMINES,Basic Materials
BALAXI,Healthcare
BALKRISHNA,Consumer Cyclical
BALKRISIND,Consumer Cyclical
BALMLAWRIE,Industrials
BALPHARMA,Healthcare
BALRAMCHIN,Consumer Defensive
BALUFORGE,Industrials
BANARBEADS,Consumer Cyclical
BANARISUG,Consumer Defensive
BANCOINDIA,Consumer Cyclical
BANDHANBNK,Financial Services
BANG,Consumer Cyclical
BANKA,Industrials
BANKBARODA,Financial Services
BANKINDIA,Financial Services
BANSALWIRE,Basic Materials
BANSWRAS,Consumer Cyclical
BARBEQUE,Consumer Cyclical
BASF,Basic Materials
BASML,Consumer Cyclical
BATAINDIA,Consumer Cyclical
BAYERCROP,Basic Materials
BBL,Industrials
BBOX,Technology
BBTC,Consumer Defensive
BBTCL,Consumer Cyclical
BCG,Communication Services
BCLIND,Consumer Defensive
BCONCEPTS,Consumer Cyclical
BDL,Industrials
BEARDSELL,Industrials
BECTORFOOD,Consumer Defensive
BEDMUTHA,Basic Materials
BEL,Industrials
BELLACASA,Consumer Cyclical
BELRISE,Consumer Cyclical
BEML,Industrials
BEPL,Basic Materials
BERGEPAINT,Basic Materials
BESTAGRO,Basic Materials
BFINVEST,Financial Services
BFUTILITIE,Industrials
BGRENERGY,Industrials
BHAGCHEM,Basic Materials
BHAGERIA,Basic Materials
BHAGYANGR,Basic Materials
BHANDARI,Consumer Cyclical
BHARATFORG,Consumer Cyclical
BHARATGEAR,Consumer Cyclical
BHARATRAS,Basic Materials
BHARATSE,Consumer Cyclical
BHARATWIRE,Basic Materials
BHARTIARTL,Communication Services
BHARTIHEXA,Communication Services
BHEL,Industrials
BIGBLOC,Industrials
BIKAJI,Consumer Defensive
BIL,Consumer Cyclical
BILVYAPAR,Basic Materials
BIOCON,Healthcare
BIOFILCHEM,Healthcare
BIRLACABLE,Technology
BIRLACORPN,Basic Materials
BIRLAMONEY,Financial Services
BIRLANU,Industrials
BLACKBUCK,Technology
BLAL,Financial Services
BLBLIMITED,Financial Services
BLISSGVS,Healthcare
BLKASHYAP,Industrials
BLS,Industrials
BLSE,Industrials
BLUECOAST,Consumer Cyclical
BLUEDART,Industrials
BLUEJET,Healthcare
BLUESTARCO,Industrials
BLUSPRING,Industrials
BODALCHEM,Basic Materials
BOHRAIND,Basic Materials
BOMDYEING,Consumer Cyclical
BORANA,Consumer Cyclical
BOROLTD,Consumer Cyclical
BORORENEW,Technology
BOROSCI,Consumer Cyclical
BOSCHLTD,Consumer Cyclical
BPCL,Energy
BPL,Technology
BRIGADE,Real Estate
BRIGHOTEL,Consumer Cyclical
BRITANNIA,Consumer Defensive
BRNL,Industrials
BROOKS,Healthcare
BSE,Financial Services
BSHSL,Basic Materials
BSL,Consumer Cyclical
BSOFT,Technology
BTML,Communication Services
BUTTERFLY,Consumer Cyclical
BVCL,Basic Materials
BYKE,Consumer Cyclical
CALSOFT,Technology
CAMLINFINE,Basic Materials
CAMPUS,Consumer Cyclical
CAMS,Technology
CANBK,Financial Services
CANFINHOME,Financial Services
CANTABIL,Consumer Cyclical
CAPACITE,Industrials
CAPITALSFB,Financial Services
CAPLIPOINT,Healthcare
CAPTRUST,Financial Services
CARBORUNIV,Industrials
CARERATING,Financial Services
CARRARO,Consumer Cyclical
CARTRADE,Consumer Cyclical
CARYSIL,Consumer Cyclical
CASTROLIND,Energy
CCCL,Industrials
CCHHL,Consumer Cyclical
CCL,Consumer Defensive
CDSL,Financial Services
CEATLTD,Consumer Cyclical
CEIGALL,Industrials
CELEBRITY,Consumer Cyclical
CELLO,Consumer Cyclical
CENTENKA,Consumer Cyclical
CENTEXT,Basic Materials
CENTRALBK,Financial Services
CENTRUM,Financial Services
CENTUM,Technology
CENTURYPLY,Basic Materials
CERA,Industrials
CEREBRAINT,Technology
CESC,Utilities
CEWATER,Utilities
CGCL,Financial Services
CGPOWER,Industrials
CHALET,Consumer Cyclical
CHAMBLFERT,Basic Materials
CHEMBOND,Basic Materials
CHEMBONDCH,Basic Materials
CHEMCON,Basic Materials
CHEMFAB,Basic Materials
CHEMPLASTS,Basic Materials
CHENNPETRO,Energy
CHEVIOT,Consumer Cyclical
CHOICEIN,Financial Services
CHOLAFIN,Financial Services
CHOLAHLDNG,Financial Services
CIEINDIA,Consumer Cyclical
CIFL,Financial Services
CIGNITITEC,Technology
CINELINE,Communication Services
CINEVISTA,Communication Services
CIPLA,Healthcare
CLEAN,Basic Materials
CLEDUCATE,Consumer Defensive
CLSEL,Consumer Defensive
CMSINFO,Industrials
COALINDIA,Energy
COASTCORP,Consumer Defensive
COCHINSHIP,Industrials
COFFEEDAY,Consumer Cyclical
COFORGE,Technology
COHANCE,Healthcare
COLPAL,Consumer Defensive
COMPUSOFT,Consumer Defensive
COMSYN,Consumer Cyclical
CONCOR,Industrials
CONCORDBIO,Healthcare
CONFIPET,Energy
CONSOFINVT,Financial Services
CONTROLPR,Industrials
CORALFINAC,Real Estate
CORDSCABLE,Industrials
COROMANDEL,Basic Materials
COSMOFIRST,Consumer Cyclical
COUNCODOS,Real Estate
CPCAP,Industrials
CPPLUS,Unknown
CRAFTSMAN,Consumer Cyclical
CREATIVE,Technology
CREATIVEYE,Communication Services
CREDITACC,Financial Services
CREST,Financial Services
CRISIL,Financial Services
CRIZAC,Consumer Defensive
CROMPTON,Consumer Cyclical
CROWN,Industrials
CSBBANK,Financial Services
CSLFINANCE,Financial Services
CTE,Technology
CUB,Financial Services
CUBEXTUB,Basic Materials
CUMMINSIND,Industrials
CUPID,Consumer Defensive
CURAA,Technology
CYBERMEDIA,Communication Services
CYBERTECH,Technology
CYIENT,Industrials
CYIENTDLM,Technology
DABUR,Consumer Defensive
DALBHARAT,Basic Materials
DALMIASUG,Consumer Defensive
DAMCAPITAL,Financial Services
DAMODARIND,Consumer Cyclical
DANGEE,Consumer Cyclical
DATAMATICS,Technology
DATAPATTNS,Industrials
DAVANGERE,Consumer Defensive
DBCORP,Communication Services
DBEIL,Industrials
DBL,Industrials
DBOL,Consumer Defensive
DBREALTY,Real Estate
DBSTOCKBRO,Financial Services
DCAL,Healthcare
DCBBANK,Financial Services
DCI,Technology
DCM,Industrials
DCMFINSERV,Financial Services
DCMNVL,Consumer Cyclical
DCMSHRIRAM,Industrials
DCMSRIND,Consumer Defensive
DCW,Basic Materials
DCXINDIA,Industrials
DDEVPLSTIK,Basic Materials
DECCANCE,Basic Materials
DEEDEV,Industrials
DEEPAKFERT,Basic Materials
DEEPAKNTR,Basic Materials
DEEPINDS,Energy
DELHIVERY,Industrials
DELPHIFX,Financial Services
DELTACORP,Consumer Cyclical
DELTAMAGNT,Industrials
DEN,Communication Services
DENORA,Industrials
DENTA,Industrials
DEVIT,Technology
DEVYANI,Consumer Cyclical
DGCONTENT,Communication Services
DHAMPURSUG,Consumer Defensive
DHANBANK,Financial Services
DHANI,Financial Services
DHANUKA,Basic Materials
DHARAN,Real Estate
DHARMAJ,Basic Materials
DHRUV,Industrials
DHUNINV,Financial Services
DIACABS,Industrials
DIAMINESQ,Basic Materials
DIAMONDYD,Consumer Defensive
DICIND,Basic Materials
DIFFNKG,Industrials
DIGIDRIVE,Consumer Cyclical
DIGISPICE,Technology
DIGITIDE,Industrials
DIGJAMLMTD,Consumer Cyclical
DIL,Industrials
DISHTV,Communication Services
DIVGIITTS,Consumer Cyclical
DIVISLAB,Healthcare
DIXON,Technology
DJML,Industrials
DLF,Real Estate
DLINKINDIA,Technology
DMART,Consumer Defensive
DMCC,Basic Materials
DNAMEDIA,Communication Services
DODLA,Consumer Defensive
DOLATALGO,Financial Services
DOLLAR,Consumer Cyclical
DOLPHIN,Energy
DOMS,Industrials
DONEAR,Consumer Cyclical
DPABHUSHAN,Consumer Cyclical
DPSCLTD,Utilities
DPWIRES,Industrials
DRCSYSTEMS,Technology
DREAMFOLKS,Industrials
DREDGECORP,Industrials
DRREDDY,Healthcare
DSSL,Technology
DTIL,Consumer Defensive
DUCON,Industrials
DVL,Financial Services
DWARKESH,Consumer Defensive
DYCL,Industrials
DYNAMATECH,Consumer Cyclical
DYNPRO,Basic Materials
E2E,Technology
EASEMYTRIP,Consumer Cyclical
EBGNG,Technology
ECLERX,Technology
ECOSMOBLTY,Industrials
EDELWEISS,Financial Services
EICHERMOT,Consumer Cyclical
EIDPARRY,Basic Materials
EIEL,Industrials
EIFFL,Consumer Defensive
EIHAHOTELS,Consumer Cyclical
EIHOTEL,Consumer Cyclical
EIMCOELECO,Industrials
EKC,Industrials
ELDEHSG,Real Estate
ELECON,Industrials
ELECTCAST,Industrials
ELECTHERM,Basic Materials
ELGIEQUIP,Industrials
ELGIRUBCO,Consumer Cyclical
ELIN,Industrials
ELLEN,Basic Materials
EMAMILTD,Consumer Defensive
EMAMIPAP,Basic Materials
EMAMIREAL,Real Estate
EMBDL,Real Estate
EMCURE,Healthcare
EMIL,Consumer Cyclical
EMKAY,Financial Services
EMMBI,Consumer Cyclical
EMSLIMITED,Industrials
EMUDHRA,Technology
ENDURANCE,Consumer Cyclical
ENERGYDEV,Utilities
ENGINERSIN,Industrials
ENIL,Communication Services
ENRIN,Utilities
ENTERO,Healthcare
EPACK,Consumer Cyclical
EPIGRAL,Basic Materials
EPL,Consumer Cyclical
EQUIPPP,Basic Materials
EQUITASBNK,Financial Services
ERIS,Healthcare
ESABINDIA,Industrials
ESAFSFB,Financial Services
ESCORTS,Industrials
ESSARSHPNG,Industrials
ESSENTIA,Consumer Defensive
ESTER,Basic Materials
ETERNAL,Consumer Cyclical
ETHOSLTD,Consumer Cyclical
EUREKAFORB,Consumer Cyclical
EUROBOND,Industrials
EUROTEXIND,Real Estate
EVEREADY,Industrials
EVERESTIND,Industrials
EXCEL,Industrials
EXCELINDUS,Basic Materials
EXICOM,Industrials
EXIDEIND,Consumer Cyclical
EXPLEOSOL,Technology
EXXARO,Industrials
FACT,Basic Materials
FAIRCHEMOR,Basic Materials
FAZE3Q,Consumer Cyclical
FCL,Basic Materials
FCSSOFT,Technology
FDC,Healthcare
FEDERALBNK,Financial Services
FEDFINA,Financial Services
FEL,Consumer Cyclical
FELDVR,Consumer Cyclical
FIBERWEB,Consumer Cyclical
FIEMIND,Consumer Cyclical
FILATEX,Consumer Cyclical
FILATFASH,Consumer Cyclical
FINCABLES,Industrials
FINEORG,Basic Materials
FINOPB,Financial Services
FINPIPE,Industrials
FIRSTCRY,Consumer Cyclical
FISCHER,Healthcare
FIVESTAR,Financial Services
FLAIR,Industrials
FLEXITUFF,Consumer Cyclical
FLUOROCHEM,Basic Materials
FMGOETZE,Consumer Cyclical
FMNL,Real Estate
FOCUS,Consumer Cyclical
FOODSIN,Consumer Defensive
FORCEMOT,Consumer Cyclical
FORTIS,Healthcare
FOSECOIND,Basic Materials
FSL,Technology
FUSION,Financial Services
GABRIEL,Consumer Cyclical
GAEL,Consumer Defensive
GAIL,Utilities
GALAPREC,Industrials
GALAXYSURF,Basic Materials
GALLANTT,Basic Materials
GANDHAR,Energy
GANDHITUBE,Industrials
GANECOS,Consumer Cyclical
GANESHBE,Basic Materials
GANESHHOUC,Real Estate
GANGAFORGE,Industrials
GANGESSECU,Consumer Defensive
GARFIBRES,Consumer Cyclical
GARUDA,Industrials
GATECH,Financial Services
GATECHDVR,Financial Services
GATEWAY,Industrials
GAYAHWS,Industrials
GAYAPROJ,Industrials
GEECEE,Real Estate
GEEKAYWIRE,Industrials
GENCON,Industrials
GENESYS,Technology
GENUSPAPER,Basic Materials
GENUSPOWER,Industrials
GEOJITFSL,Financial Services
GEPIL,Industrials
GESHIP,Industrials
GFLLIMITED,Financial Services
GHCL,Basic Materials
GHCLTEXTIL,Consumer Cyclical
GICHSGFIN,Financial Services
GICRE,Financial Services
GILLANDERS,Consumer Defensive
GILLETTE,Consumer Defensive
GINNIFILA,Consumer Cyclical
GIPCL,Utilities
GKWLIMITED,Industrials
GLAND,Healthcare
GLAXO,Healthcare
GLENMARK,Healthcare
GLFL,Financial Services
GLOBAL,Consumer Defensive
GLOBALE,Consumer Cyclical
GLOBALVECT,Industrials
GLOBE,Consumer Cyclical
GLOBECIVIL,Industrials
GLOBUSSPR,Consumer Defensive
GLOSTERLTD,Consumer Cyclical
GMBREW,Consumer Defensive
GMDCLTD,Energy
GMMPFAUDLR,Industrials
GMRAIRPORT,Industrials
GMRP&UI,Energy
GNA,Consumer Cyclical
GNFC,Unknown
GOACARBON,Basic Materials
GOCLCORP,Basic Materials
GOCOLORS,Consumer Cyclical
GODAVARIB,Basic Materials
GODFRYPHLP,Consumer Defensive
GODHA,Industrials
GODIGIT,Financial Services
GODREJAGRO,Consumer Defensive
GODREJCP,Consumer Defensive
GODREJIND,Industrials
GODREJPROP,Real Estate
GOENKA,Consumer Cyclical
GOKEX,Consumer Cyclical
GOKUL,Consumer Defensive
GOKULAGRO,Consumer Defensive
GOLDENTOBC,Consumer Defensive
GOLDIAM,Consumer Cyclical
GOLDTECH,Technology
GOODLUCK,Basic Materials
GOPAL,Consumer Defensive
GOYALALUM,Basic Materials
GPIL,Basic Materials
GPPL,Industrials
GPTHEALTH,Healthcare
GPTINFRA,Industrials
GRANULES,Healthcare
GRAPHITE,Industrials
GRASIM,Basic Materials
GRAVITA,Industrials
GREAVESCOT,Industrials
GREENLAM,Consumer Cyclical
GREENPANEL,Basic Materials
GREENPLY,Basic Materials
GREENPOWER,Utilities
GRINDWELL,Industrials
GRINFRA,Industrials
GRMOVER,Consumer Defensive
GROBTEA,Consumer Defensive
GRPLTD,Consumer Cyclical
GRSE,Industrials
GRWRHITECH,Basic Materials
GSFC,Basic Materials
GSLSU,Basic Materials
GSPL,Utilities
GSS,Technology
GTECJAINX,Consumer Defensive
GTL,Communication Services
GTLINFRA,Technology
GTPL,Communication Services
GUFICBIO,Healthcare
GUJALKALI,Basic Materials
GUJAPOLLO,Industrials
GUJGASLTD,Utilities
GUJRAFFIA,
GUJTHEM,Healthcare
GULFOILLUB,Basic Materials
GULFPETRO,Energy
GULPOLY,Basic Materials
GVKPIL,Utilities
GVPTECH,Technology
GVT&D,Industrials
HAL,Industrials
HAPPSTMNDS,Technology
HAPPYFORGE,Industrials
HARDWYN,Industrials
HARIOMPIPE,Basic Materials
HARRMALAYA,Consumer Defensive
HARSHA,Industrials
HATHWAY,Communication Services
HATSUN,Consumer Defensive
HAVELLS,Industrials
HAVISHA,Consumer Cyclical
HBLENGINE,Industrials
HBSL,Financial Services
HCC,Industrials
HCG,Healthcare
HCL-INSYS,Technology
HCLTECH,Technology
HDBFS,Financial Services
HDFCAMC,Financial Services
HDFCBANK,Financial Services
HDFCLIFE,Financial Services
HDIL,Real Estate
HEADSUP,Consumer Cyclical
HECPROJECT,Industrials
HEG,Industrials
HEIDELBERG,Basic Materials
HEMIPROP,Real Estate
HERANBA,Basic Materials
HERCULES,Industrials
HERITGFOOD,Consumer Defensive
HEROMOTOCO,Consumer Cyclical
HESTERBIO,Healthcare
HEUBACHIND,Basic Materials
HEXATRADEX,Financial Services
HEXT,Technology
HFCL,Technology
HGINFRA,Industrials
HGS,Industrials
HIKAL,Healthcare
HILTON,Industrials
HIMATSEIDE,Consumer Cyclical
HINDALCO,Basic Materials
HINDCOMPOS,Consumer Cyclical
HINDCON,Basic Materials
HINDCOPPER,Basic Materials
HINDMOTORS,Consumer Cyclical
HINDNATGLS,Consumer Cyclical
HINDOILEXP,Energy
HINDPETRO,Energy
HINDUNILVR,Consumer Defensive
HINDWAREAP,Consumer Cyclical
HINDZINC,Basic Materials
HIRECT,Industrials
HISARMETAL,Basic Materials
HITECH,Basic Materials
HITECHCORP,Consumer Cyclical
HITECHGEAR,Consumer Cyclical
HLEGLAS,Industrials
HLVLTD,Consumer Cyclical
HMAAGRO,Consumer Defensive
HMT,Industrials
HMVL,Communication Services
HNDFDS,Industrials
HOMEFIRST,Financial Services
HONASA,Consumer Defensive
HONAUT,Industrials
HONDAPOWER,Industrials
HOVS,Technology
HPAL,Basic Materials
HPIL,Basic Materials
HPL,Industrials
HSCL,Basic Materials
HTMEDIA,Communication Services
HUBTOWN,Real Estate
HUDCO,Financial Services
HUHTAMAKI,Consumer Cyclical
HYBRIDFIN,Financial Services
HYUNDAI,Consumer Cyclical
ICDSLTD,Real Estate
ICEMAKE,Industrials
ICICIBANK,Financial Services
ICICIGI,Financial Services
ICICIPRULI,Financial Services
ICIL,Consumer Cyclical
ICRA,Financial Services
IDBI,Financial Services
IDEA,Communication Services
IDEAFORGE,Technology
IDFCFIRSTB,Financial Services
IEL,Industrials
IEX,Financial Services
IFBAGRO,Consumer Defensive
IFBIND,Consumer Cyclical
IFCI,Financial Services
IFGLEXPOR,Basic Materials
IGARASHI,Consumer Cyclical
IGCL,Basic Materials
IGIL,Basic Materials
IGL,Utilities
IGPL,Basic Materials
IIFL,Financial Services
IIFLCAPS,Financial Services
IITL,Financial Services
IKIO,Technology
IKS,Healthcare
IL&FSENGG,Industrials
IL&FSTRANS,Industrials
IMAGICAA,Communication Services
IMFA,Basic Materials
IMPAL,Consumer Cyclical
IMPEXFERRO,Basic Materials
INCREDIBLE,Basic Materials
INDBANK,Financial Services
INDGN,Healthcare
INDHOTEL,Consumer Cyclical
INDIACEM,Basic Materials
INDIAGLYCO,Basic Materials
INDIAMART,Communication Services
INDIANB,Financial Services
INDIANCARD,Consumer Cyclical
INDIANHUME,Industrials
INDIASHLTR,Financial Services
INDIGO,Industrials
INDIGOPNTS,Basic Materials
INDIQUBE,Real Estate
INDNIPPON,Consumer Cyclical
INDOAMIN,Basic Materials
INDOBORAX,Basic Materials
INDOCO,Healthcare
INDOFARM,Industrials
INDORAMA,Consumer Cyclical
INDOSTAR,Financial Services
INDOTECH,Industrials
INDOTHAI,Financial Services
INDOUS,Basic Materials
INDOWIND,Utilities
INDRAMEDCO,Healthcare
INDSWFTLAB,Healthcare
INDSWFTLTD,Healthcare
INDTERRAIN,Consumer Cyclical
INDUSINDBK,Financial Services
INDUSTOWER,Communication Services
INFIBEAM,Technology
INFOBEAN,Technology
INFY,Technology
INGERRAND,Industrials
INNOVACAP,Healthcare
INNOVANA,Technology
INOXGREEN,Utilities
INOXINDIA,Industrials
INOXWI-RE,Unknown
INOXWIND,Industrials
INSECTICID,Basic Materials
INSPIRISYS,Technology
INTELLECT,Technology
INTENTECH,Technology
INTERARCH,Industrials
INTLCONV,Industrials
INVENTURE,Financial Services
IOB,Financial Services
IOC,Energy
IOLCP,Healthcare
IONEXCHANG,Industrials
IPCALAB,Healthcare
IPL,Basic Materials
IRB,Industrials
IRCON,Industrials
IRCTC,Industrials
IREDA,Financial Services
IRFC,Financial Services
IRIS,Technology
IRISDOREME,Consumer Cyclical
IRMENERGY,Utilities
ISFT,Consumer Cyclical
ISGEC,Industrials
ISHANCH,Basic Materials
ITC,Consumer Defensive
ITCHOTELS,Consumer Cyclical
ITDC,Consumer Cyclical
ITDCEM,Industrials
ITI,Technology
IVC,Financial Services
IVP,Basic Materials
IXIGO,Consumer Cyclical
IZMO,Technology
J&KBANK,Financial Services
JAGRAN,Communication Services
JAGSNPHARM,Healthcare
JAIBALAJI,Basic Materials
JAICORPLTD,Basic Materials
JAIPURKURT,Consumer Cyclical
JAMNAAUTO,Consumer Cyclical
JASH,Industrials
JAYAGROGN,Basic Materials
JAYBARMARU,Consumer Cyclical
JAYNECOIND,Basic Materials
JAYSREETEA,Consumer Defensive
JBCHEPHARM,Healthcare
JBMA,Consumer Cyclical
JCHAC,Consumer Cyclical
JETFREIGHT,Industrials
JGCHEM,Basic Materials
JHS,Consumer Defensive
JINDALPHOT,Financial Services
JINDALPOLY,Consumer Cyclical
JINDALSAW,Basic Materials
JINDALSTEL,Basic Materials
JINDRILL,Energy
JINDWORLD,Consumer Cyclical
JIOFIN,Financial Services
JISLDVREQS,Industrials
JISLJALEQS,Industrials
JITFINFRA,Industrials
JKCEMENT,Basic Materials
JKIL,Industrials
JKLAKSHMI,Basic Materials
JKPAPER,Basic Materials
JKTYRE,Consumer Cyclical
JLHL,Healthcare
JMA,Consumer Cyclical
JMFINANCIL,Financial Services
JNKINDIA,Industrials
JOCIL,Basic Materials
JPASSOCIAT,Industrials
JPOLYINVST,Financial Services
JPPOWER,Utilities
JSFB,Financial Services
JSL,Basic Materials
JSLL,Unknown
JSWENERGY,Utilities
JSWHL,Industrials
JSWINFRA,Industrials
JSWSTEEL,Basic Materials
JTEKTINDIA,Consumer Cyclical
JTLIND,Basic Materials
JUBLCPL,Basic Materials
JUBLFOOD,Consumer Cyclical
JUBLINGREA,Basic Materials
JUBLPHARMA,Healthcare
JUNIPER,Consumer Cyclical
JUSTDIAL,Communication Services
JWL,Industrials
JYOTHYLAB,Consumer Defensive
JYOTICNC,Industrials
JYOTISTRUC,Industrials
KABRAEXTRU,Industrials
KAJARIACER,Industrials
KAKATCEM,Basic Materials
KALAMANDIR,Consumer Cyclical
KALPATARU,Real Estate
KALYANI,Consumer Cyclical
KALYANIFRG,Consumer Cyclical
KALYANKJIL,Consumer Cyclical
KAMATHOTEL,Consumer Cyclical
KAMDHENU,Basic Materials
KAMOPAINTS,Basic Materials
KANANIIND,Consumer Cyclical
KANORICHEM,Basic Materials
KANPRPLA,Consumer Cyclical
KANSAINER,Basic Materials
KAPSTON,Industrials
KARMAENG,Utilities
KARURVYSYA,Financial Services
KAUSHALYA,Industrials
KAVDEFENCE,Technology
KAYA,Consumer Defensive
KAYNES,Industrials
KCP,Basic Materials
KCPSUGIND,Consumer Defensive
KDDL,Consumer Cyclical
KEC,Industrials
KECL,Industrials
KEEPLEARN,Consumer Defensive
KEI,Industrials
KELLTONTEC,Technology
KERNEX,Technology
KESORAMIND,Basic Materials
KEYFINSERV,Financial Services
KFINTECH,Technology
KHADIM,Consumer Cyclical
KHAICHEM,Basic Materials
KHAITANLTD,Consumer Cyclical
KHANDSE,Financial Services
KICL,Financial Services
KILITC-RE,Unknown
KILITCH,Healthcare
KIMS,Healthcare
KINGFA,Basic Materials
KIOCL,Basic Materials
KIRIINDUS,Basic Materials
KIRLOSBROS,Industrials
KIRLOSENG,Industrials
KIRLOSIND,Industrials
KIRLPNU,Industrials
KITEX,Consumer Cyclical
KKCL,Consumer Cyclical
KMEW,Industrials
KMSUGAR,Consumer Defensive
KNRCON,Industrials
KOHINOOR,Consumer Defensive
KOKUYOCMLN,Industrials
KOLTEPATIL,Real Estate
KOPRAN,Healthcare
KOTAKBANK,Financial Services
KOTARISUG,Consumer Defensive
KOTHARIPET,Basic Materials
KOTHARIPRO,Industrials
KPEL,Industrials
KPIGREEN,Utilities
KPIL,Industrials
KPITTECH,Technology
KPRMILL,Consumer Cyclical
KRBL,Consumer Defensive
KREBSBIO,Healthcare
KRIDHANINF,Basic Materials
KRISHANA,Basic Materials
KRISHIVAL,Consumer Defensive
KRITI,Industrials
KRITIKA,Basic Materials
KRITINUT,Consumer Defensive
KRN,Technology
KRONOX,Basic Materials
KROSS,Consumer Cyclical
KRSNAA,Healthcare
KRYSTAL,Industrials
KSB,Industrials
KSCL,Basic Materials
KSHITIJPOL,Industrials
KSL,Basic Materials
KSOLVES,Technology
KTKBANK,Financial Services
KUANTUM,Basic Materials
LAGNAM,Consumer Cyclical
LAKPRE,Industrials
LAL,Consumer Cyclical
LALPATHLAB,Healthcare
LAMBODHARA,Consumer Cyclical
LANCORHOL,Real Estate
LANDMARK,Consumer Cyclical
LAOPALA,Consumer Cyclical
LASA,Healthcare
LATENTVIEW,Industrials
LATTEYS,Industrials
LAURUSLABS,Healthcare
LAXMICOT,Consumer Cyclical
LAXMIDENTL,Healthcare
LAXMIINDIA,Financial Services
LCCINFOTEC,Consumer Defensive
LEMONTREE,Consumer Cyclical
LEXUS,Industrials
LFIC,Financial Services
LGBBROSLTD,Consumer Cyclical
LGHL,Consumer Cyclical
LIBAS,Consumer Cyclical
LIBERTSHOE,Consumer Cyclical
LICHSGFIN,Financial Services
LICI,Financial Services
LIKHITHA,Energy
LINC,Industrials
LINCOLN,Healthcare
LINDEINDIA,Basic Materials
LLOYDSENGG,Industrials
LLOYDSENT,Basic Materials
LLOYDSME,Basic Materials
LMW,Industrials
LODHA,Real Estate
LOKESHMACH,Industrials
LORDSCHLO,Basic Materials
LOTUSDEV,Industrials
LOTUSEYE,Healthcare
LOVABLE,Consumer Cyclical
LOYALTEX,Consumer Cyclical
LPDC,Real Estate
LT,Industrials
LTF,Financial Services
LTFOODS,Consumer Defensive
LTIM,Technology
LTTS,Technology
LUMAXIND,Consumer Cyclical
LUMAXTECH,Consumer Cyclical
LUPIN,Healthcare
LUXIND,Consumer Cyclical
LXCHEM,Basic Materials
LYKALABS,Healthcare
LYPSAGEMS,Consumer Cyclical
M&M,Consumer Cyclical
M&MFIN,Financial Services
MAANALU,Basic Materials
MACPOWER,Industrials
MADHAV,Industrials
MADHUCON,Industrials
MADRASFERT,Basic Materials
MAGADSUGAR,Consumer Defensive
MAGNUM,Basic Materials
MAHABANK,Financial Services
MAHAPEXLTD,Financial Services
MAHASTEEL,Basic Materials
MAHEPC,Industrials
MAHESHWARI,Industrials
MAHLIFE,Real Estate
MAHLOG,Industrials
MAHLOG-RE,Unknown
MAHSCOOTER,Consumer Cyclical
MAHSEAMLES,Basic Materials
MAITHANALL,Basic Materials
MALLCOM,Industrials
MALUPAPER,Basic Materials
MAMATA,Industrials
MANAKALUCO,Basic Materials
MANAKCOAT,Industrials
MANAKSIA,Industrials
MANAKSTEEL,Basic Materials
MANALIPETC,Basic Materials
MANAPPURAM,Financial Services
MANBA,Financial Services
MANCREDIT,Financial Services
MANGALAM,Healthcare
MANGCHEFER,Basic Materials
MANGLMCEM,Basic Materials
MANINDS,Basic Materials
MANINFRA,Industrials
MANKIND,Healthcare
MANOMAY,Consumer Cyclical
MANORAMA,Consumer Defensive
MANORG,Basic Materials
MANUGRAPH,Industrials
MANYAVAR,Consumer Cyclical
MAPMYINDIA,Technology
MARALOVER,Consumer Cyclical
MARATHON,Real Estate
MARICO,Consumer Defensive
MARINE,Industrials
MARKSANS,Healthcare
MARUTI,Consumer Cyclical
MASFIN,Financial Services
MASKINVEST,Financial Services
MASTEK,Technology
MASTERTR,Financial Services
MATRIMONY,Communication Services
MAWANASUG,Consumer Defensive
MAXESTATES,Real Estate
MAXHEALTH,Healthcare
MAXIND,Healthcare
MAYURUNIQ,Consumer Cyclical
MAZDA,Industrials
MAZDOCK,Industrials
MBAPL,Basic Materials
MBEL,Industrials
MBLINFRA,Industrials
MCL,Basic Materials
MCLEODRUSS,Consumer Defensive
MCLOUD,Technology
MCX,Financial Services
MEDANTA,Healthcare
MEDIASSIST,Healthcare
MEDICAMEQ,Healthcare
MEDICO,Healthcare
MEDPLUS,Healthcare
MEGASOFT,Healthcare
MEGASTAR,Consumer Defensive
MENONBE,Consumer Cyclical
MEP,Industrials
METROBRAND,Consumer Cyclical
METROPOLIS,Healthcare
MFML,Consumer Cyclical
MFSL,Financial Services
MGEL,Consumer Defensive
MGL,Utilities
MHLXMIRU,Consumer Cyclical
MHRIL,Consumer Cyclical
MICEL,Technology
MIDHANI,Basic Materials
MINDACORP,Consumer Cyclical
MINDTECK,Technology
MIRCELECTR,Consumer Cyclical
MIRZAINT,Consumer Cyclical
MITCON,Industrials
MITTAL,Consumer Cyclical
MKPL,Consumer Defensive
MMFL,Industrials
MMP,Basic Materials
MMTC,Industrials
MOBIKWIK,Technology
MODIRUBBER,Real Estate
MODISONLTD,Industrials
MODTHREAD,Consumer Cyclical
MOHITIND,Consumer Cyclical
MOIL,Basic Materials
MOKSH,Consumer Cyclical
MOL,Basic Materials
MOLDTECH,Industrials
MOLDTKPAC,Consumer Cyclical
MONARCH,Financial Services
MONTECARLO,Consumer Cyclical
MORARJEE,Consumer Cyclical
MOREPENLAB,Healthcare
MOSCHIP,Technology
MOTHERSON,Consumer Cyclical
MOTILALOFS,Financial Services
MOTISONS,Consumer Cyclical
MOTOGENFIN,Real Estate
MPHASIS,Technology
MPSLTD,Communication Services
MRF,Consumer Cyclical
MRPL,Energy
MSPL,Basic Materials
MSTCLTD,Industrials
MSUMI,Consumer Cyclical
MTARTECH,Industrials
MTEDUCARE,Consumer Defensive
MTNL,Communication Services
MUFIN,Financial Services
MUFTI,Consumer Cyclical
MUKANDLTD,Basic Materials
MUKKA,Consumer Defensive
MUKTAARTS,Communication Services
MUNJALAU,Consumer Cyclical
MUNJALSHOW,Consumer Cyclical
MURUDCERA,Industrials
MUTHOOTCAP,Financial Services
MUTHOOTFIN,Financial Services
MUTHOOTMF,Financial Services
MVGJL,Consumer Cyclical
NACLIND,Basic Materials
NAGAFERT,Basic Materials
NAGREEKCAP,Financial Services
NAGREEKEXP,Consumer Cyclical
NAHARCAP,Financial Services
NAHARINDUS,Consumer Cyclical
NAHARPOLY,Consumer Cyclical
NAHARSPING,Consumer Cyclical
NAM-INDIA,Financial Services
NARMADA,Basic Materials
NATCAPSUQ,Healthcare
NATCOPHARM,Healthcare
NATHBIOGEN,Basic Materials
NATIONALUM,Basic Materials
NAUKRI,Communication Services
NAVA,Industrials
NAVINFLUOR,Basic Materials
NAVKARCORP,Industrials
NAVKARURB,Basic Materials
NAVNETEDUL,Communication Services
NAZARA,Communication Services
NBCC,Industrials
NBIFIN,Financial Services
NCC,Industrials
NCLIND,Basic Materials
NDGL,Financial Services
NDL,Consumer Cyclical
NDLVENTURE,Communication Services
NDRAUTO,Consumer Cyclical
NDTV,Communication Services
NECCLTD,Industrials
NECLIFE,Healthcare
NELCAST,Industrials
NELCO,Technology
NEOGEN,Basic Materials
NESCO,Industrials
NESTLEIND,Consumer Defensive
NETWEB,Technology
NETWORK18,Communication Services
NEULANDLAB,Healthcare
NEWGEN,Technology
NEXTMEDIA,Communication Services
NFL,Basic Materials
NGIL,Consumer Defensive
NGLFINE,Healthcare
NH,Healthcare
NHPC,Utilities
NIACL,Financial Services
NIBE,Industrials
NIBL,Industrials
NIITLTD,Consumer Defensive
NIITMTS,Consumer Defensive
NILAINFRA,Real Estate
NILASPACES,Real Estate
NILKAMAL,Consumer Cyclical
NINSYS,Technology
NIPPOBATRY,Industrials
NIRAJ,Industrials
NIRAJISPAT,Consumer Cyclical
NITCO,Industrials
NITINSPIN,Consumer Cyclical
NITIRAJ,Technology
NIVABUPA,Financial Services
NKIND,Consumer Defensive
NLCINDIA,Utilities
NMDC,Basic Materials
NOCIL,Basic Materials
NOIDATOLL,Industrials
NORBTEAEXP,Consumer Defensive
NORTHARC,Financial Services
NOVAAGRI,Basic Materials
NPST,Technology
NRAIL,Basic Materials
NRBBEARING,Consumer Cyclical
NRL,Industrials
NSIL,Financial Services
NSLNISP,Basic Materials
NTPC,Utilities
NTPCGREEN,Utilities
NUCLEUS,Technology
NURECA,Healthcare
NUVAMA,Financial Services
NUVOCO,Basic Materials
NYKAA,Consumer Cyclical
OAL,Basic Materials
OBCL,Industrials
OBEROIRLTY,Real Estate
OCCLLTD,Basic Materials
ODIGMA,Communication Services
OFSS,Technology
OIL,Energy
OILCOUNTUB,Energy
OLAELEC,Consumer Cyclical
OLECTRA,Industrials
OMAXAUTO,Consumer Cyclical
OMAXE,Real Estate
OMINFRAL,Industrials
OMKARCHEM,Basic Materials
ONELIFECAP,Financial Services
ONEPOINT,Industrials
ONESOURCE,Healthcare
ONGC,Energy
ONMOBILE,Communication Services
ONWARDTEC,Technology
OPTIEMUS,Technology
ORBTEXP,Consumer Cyclical
ORCHASP,Technology
ORCHPHARMA,Healthcare
ORICONENT,Consumer Cyclical
ORIENTALTL,Industrials
ORIENTBELL,Industrials
ORIENTCEM,Basic Materials
ORIENTCER,Basic Materials
ORIENTELEC,Consumer Cyclical
ORIENTHOT,Consumer Cyclical
ORIENTLTD,Consumer Cyclical
ORIENTPPR,Basic Materials
ORIENTTECH,Technology
ORISSAMINE,Basic Materials
ORTEL,Communication Services
ORTINGLOBE,Healthcare
OSIAHYPER,Consumer Cyclical
OSWALAGRO,Real Estate
OSWALGREEN,Financial Services
OSWALPUMPS,Industrials
OSWALSEEDS,Basic Materials
PAGEIND,Consumer Cyclical
PAISALO,Financial Services
PAKKA,Basic Materials
PALASHSECU,Consumer Defensive
PALREDTEC,Technology
PANACEABIO,Healthcare
PANACHE,Technology
PANAMAPET,Energy
PANSARI,Real Estate
PAR,Healthcare
PARACABLES,Technology
PARADEEP,Basic Materials
PARAGMILK,Consumer Defensive
PARAS,Industrials
PARASPETRO,Consumer Cyclical
PARKHOTELS,Consumer Cyclical
PARSVNATH,Real Estate
PASHUPATI,Consumer Cyclical
PASUPTAC,Consumer Cyclical
PATANJALI,Consumer Defensive
PATELENG,Industrials
PATINTLOG,Industrials
PAVNAIND,Consumer Cyclical
PAYTM,Technology
PCBL,Basic Materials
PCJEWELLER,Consumer Cyclical
PDMJEPAPER,Basic Materials
PDSL,Industrials
PEARLPOLY,Consumer Cyclical
PEL,Financial Services
PENIND,Industrials
PENINLAND,Real Estate
PERSISTENT,Technology
PETRONET,Energy
PFC,Financial Services
PFIZER,Healthcare
PFOCUS,Communication Services
PFS,Financial Services
PGEL,Technology
PGHH,Consumer Defensive
PGHL,Healthcare
PGIL,Consumer Cyclical
PHOENIXLTD,Real Estate
PICCADIL,Consumer Defensive
PIDILITIND,Basic Materials
PIGL,Industrials
PIIND,Basic Materials
PILANIINVS,Financial Services
PILITA,Consumer Cyclical
PIONEEREMB,Consumer Cyclical
PITTIENG,Industrials
PIXTRANS,Industrials
PKTEA,Consumer Defensive
PLASTIBLEN,Basic Materials
PLATIND,Basic Materials
PLAZACABLE,Industrials
PNB,Financial Services
PNBGILTS,Financial Services
PNBHOUSING,Financial Services
PNC,Communication Services
PNCINFRA,Industrials
PNGJL,Consumer Cyclical
POCL,Basic Materials
PODDARMENT,Basic Materials
POKARNA,Industrials
POLICYBZR,Financial Services
POLYCAB,Industrials
POLYMED,Healthcare
POLYPLEX,Basic Materials
PONNIERODE,Consumer Defensive
POONAWALLA,Financial Services
POWERGRID,Utilities
POWERINDIA,Industrials
POWERMECH,Industrials
PPAP,Consumer Cyclical
PPL,Industrials
PPLPHARMA,Healthcare
PRABHA,Energy
PRAENG,Real Estate
PRAJIND,Industrials
PRAKASH,Basic Materials
PRAKASHSTL,Basic Materials
PRAXIS,Consumer Cyclical
PRAXIS-RE2,Unknown
PRECAM,Consumer Cyclical
PRECOT,Consumer Cyclical
PRECWIRE,Industrials
PREMEXPLN,Basic Materials
PREMIER,Industrials
PREMIERENE,Technology
PREMIERPOL,Basic Materials
PRESTIGE,Real Estate
PRICOLLTD,Consumer Cyclical
PRIMESECU,Financial Services
PRIMO,Basic Materials
PRINCEPIPE,Industrials
PRITI,Consumer Cyclical
PRITIKAUTO,Industrials
PRIVISCL,Basic Materials
PROSTARM,Industrials
PROTEAN,Technology
PROZONER,Real Estate
PRSMJOHNSN,Basic Materials
PRUDENT,Financial Services
PRUDMOULI,Consumer Defensive
PSB,Financial Services
PSPPROJECT,Industrials
PTC,Utilities
PTCIL,Industrials
PTL,Real Estate
PUNJABCHEM,Basic Materials
PURVA,Real Estate
PVP,Industrials
PVRINOX,Communication Services
PVSL,Consumer Cyclical
PYRAMID,Consumer Cyclical
QPOWER,Industrials
QUADFUTURE,Industrials
QUESS,Industrials
QUICKHEAL,Technology
RACE,Industrials
RACLGEAR,Consumer Cyclical
RADAAN,Communication Services
RADHIKAJWE,Consumer Cyclical
RADIANTCMS,Industrials
RADICO,Consumer Defensive
RADIOCITY,Communication Services
RAILTEL,Communication Services
RAIN,Basic Materials
RAINBOW,Healthcare
RAJESHEXPO,Consumer Cyclical
RAJMET,Basic Materials
RAJOOENG,Industrials
RAJRATAN,Basic Materials
RAJRILTD,Consumer Cyclical
RAJSREESUG,Consumer Defensive
RAJTV,Communication Services
RALLIS,Basic Materials
RAMANEWS,Consumer Defensive
RAMAPHO,Basic Materials
RAMASTEEL,Basic Materials
RAMCOCEM,Basic Materials
RAMCOIND,Industrials
RAMCOSYS,Technology
RAMKY,Industrials
RAMRAT,Industrials
RANASUG,Consumer Defensive
RANEHOLDIN,Consumer Cyclical
RATEGAIN,Technology
RATNAMANI,Basic Materials
RATNAVEER,Basic Materials
RAYMOND,Industrials
RAYMONDLSL,Consumer Cyclical
RAYMONDREL,Real Estate
RBA,Consumer Cyclical
RBLBANK,Financial Services
RBZJEWEL,Consumer Cyclical
RCF,Basic Materials
RCOM,Communication Services
RECLTD,Financial Services
REDINGTON,Technology
REDTAPE,Consumer Cyclical
REFEX,Energy
REGENCERAM,Industrials
RELAXO,Consumer Cyclical
RELCHEMQ,Consumer Cyclical
RELIABLE,Technology
RELIANCE,Energy
RELIGARE,Financial Services
RELINFRA,Utilities
RELTD,Technology
REMSONSIND,Consumer Cyclical
RENUKA,Consumer Defensive
REPCOHOME,Financial Services
REPL,Industrials
REPRO,Industrials
RESPONIND,Basic Materials
RETAIL,Consumer Defensive
RGL,Consumer Cyclical
RHFL,Financial Services
RHIM,Industrials
RHL,Consumer Cyclical
RICOAUTO,Consumer Cyclical
RIIL,Industrials
RISHABH,Technology
RITCO,Industrials
RITES,Industrials
RKDL,Consumer Defensive
RKEC,Industrials
RKFORGE,Industrials
RKSWAMY,Communication Services
RMDRIP,Industrials
RML,Consumer Cyclical
ROHLTD,Consumer Cyclical
ROLEXRINGS,Industrials
ROLLT,Real Estate
ROLTA,Technology
ROML,Consumer Defensive
ROSSARI,Basic Materials
ROSSELLIND,Industrials
ROSSTECH,Industrials
ROTO,Industrials
ROUTE,Communication Services
RPEL,Basic Materials
RPGLIFE,Healthcare
RPOWER,Utilities
RPPINFRA,Industrials
RPPL,Consumer Cyclical
RPSGVENT,Technology
RPTECH,Technology
RRKABEL,Industrials
RSSOFTWARE,Technology
RSWM,Consumer Cyclical
RSYSTEMS,Technology
RTNINDIA,Consumer Cyclical
RTNPOWER,Utilities
RUBFILA,Basic Materials
RUBYMILLS,Consumer Cyclical
RUCHINFRA,Industrials
RUCHIRA,Basic Materials
RUPA,Consumer Cyclical
RUSHIL,Consumer Cyclical
RUSTOMJEE,Real Estate
RVHL,Real Estate
RVNL,Industrials
RVTH,Industrials
S&SPOWER,Industrials
SABEVENTS,Communication Services
SABTNL,Communication Services
SADBHAV,Industrials
SADBHIN,Industrials
SADHNANIQ,Basic Materials
SAFARI,Consumer Cyclical
SAGARDEEP,Basic Materials
SAGCEM,Basic Materials
SAGILITY,Healthcare
SAH,Consumer Cyclical
SAHYADRI,Industrials
SAIL,Basic Materials
SAILIFE,Healthcare
SAKAR,Healthcare
SAKHTISUG,Consumer Defensive
SAKSOFT,Technology
SAKUMA,Consumer Defensive
SALASAR,Basic Materials
SALONA,Consumer Cyclical
SALSTEEL,Basic Materials
SALZERELEC,Industrials
SAMBHAAV,Communication Services
SAMBHV,Basic Materials
SAMHI,Consumer Cyclical
SAMMAANCAP,Financial Services
SAMPANN,Basic Materials
SANATHAN,Consumer Cyclical
SANDESH,Communication Services
SANDHAR,Consumer Cyclical
SANDUMA,Basic Materials
SANGAMIND,Consumer Cyclical
SANGHIIND,Basic Materials
SANGHVIMOV,Industrials
SANGINITA,Basic Materials
SANOFI,Healthcare
SANOFICONR,Healthcare
SANSERA,Consumer Cyclical
SANSTAR,Basic Materials
SANWARIA,Consumer Defensive
SAPPHIRE,Consumer Cyclical
SARDAEN,Basic Materials
SAREGAMA,Communication Services
SARLAPOLY,Consumer Cyclical
SARVESHWAR,Consumer Defensive
SASKEN,Technology
SASTASUNDR,Healthcare
SATIA,Basic Materials
SATIN,Financial Services
SAURASHCEM,Basic Materials
SBC,Industrials
SBCL,Industrials
SBFC,Financial Services
SBGLP,Real Estate
SBICARD,Financial Services
SBILIFE,Financial Services
SBIN,Financial Services
SCHAEFFLER,Consumer Cyclical
SCHAND,Communication Services
SCHNEIDER,Industrials
SCI,Industrials
SCILAL,Real Estate
SCODATUBES,Basic Materials
SCPL,Consumer Defensive
SDBL,Consumer Defensive
SEAMECLTD,Industrials
SECMARK,Industrials
SECURKLOUD,Technology
SEJALLTD,Industrials
SELAN,Energy
SELMC,Consumer Cyclical
SEMAC,Industrials
SENCO,Consumer Cyclical
SENORES,Healthcare
SEPC,Industrials
SEQUENT,Healthcare
SERVOTECH,Industrials
SESHAPAPER,Basic Materials
SETCO,Consumer Cyclical
SETUINFRA,Industrials
SEYAIND,Basic Materials
SFL,Consumer Cyclical
SGFIN,Financial Services
SGIL,Industrials
SGL,Consumer Cyclical
SGLTL,Industrials
SHAH,Basic Materials
SHAHALLOYS,Basic Materials
SHAILY,Basic Materials
SHAKTIPUMP,Industrials
SHALBY,Healthcare
SHALPAINTS,Basic Materials
SHANKARA,Consumer Cyclical
SHANTI,Consumer Defensive
SHANTIGEAR,Industrials
SHANTIGOLD,Consumer Cyclical
SHARDACROP,Basic Materials
SHARDAMOTR,Consumer Cyclical
SHAREINDIA,Financial Services
SHEKHAWATI,Consumer Cyclical
SHEMAROO,Communication Services
SHILPAMED,Healthcare
SHIVALIK,Basic Materials
SHIVAMAUTO,Consumer Cyclical
SHIVAMILLS,Consumer Cyclical
SHIVATEX,Consumer Cyclical
SHK,Basic Materials
SHOPERSTOP,Consumer Cyclical
SHRADHA,Real Estate
SHREDIGCEM,Basic Materials
SHREECEM,Basic Materials
SHREEPUSHK,Basic Materials
SHREERAMA,Consumer Cyclical
SHRENIK,Basic Materials
SHREYANIND,Basic Materials
SHRIPISTON,Consumer Cyclical
SHRIRAMFIN,Financial Services
SHRIRAMPPS,Real Estate
SHYAMCENT,Basic Materials
SHYAMMETL,Basic Materials
SHYAMTEL,Technology
SICALLOG,Industrials
SIEMENS,Industrials
SIGACHI,Healthcare
SIGIND,Industrials
SIGMA,Technology
SIGNATURE,Real Estate
SIGNPOST,Communication Services
SIKKO,Basic Materials
SIL,Consumer Cyclical
SILGO,Consumer Cyclical
SILINV,Financial Services
SILLYMONKS,Communication Services
SILVERTUC,Technology
SIMBHALS,Consumer Defensive
SIMPLEXINF,Industrials
SINCLAIR,Consumer Cyclical
SINDHUTRAD,Industrials
SINTERCOM,Consumer Cyclical
SIRCA,Basic Materials
SIS,Industrials
SITINET,Communication Services
SIYSIL,Consumer Cyclical
SJS,Consumer Cyclical
SJVN,Utilities
SKFINDIA,Industrials
SKIPPER,Industrials
SKMEGGPROD,Consumer Defensive
SKYGOLD,Consumer Cyclical
SMARTLINK,Technology
SMARTWORKS,Unknown
SMCGLOBAL,Financial Services
SMLISUZU,Consumer Cyclical
SMLT,Industrials
SMSLIFE,Healthcare
SMSPHARMA,Healthcare
SNOWMAN,Industrials
SOBHA,Real Estate
SOFTTECH,Technology
SOLARA,Healthcare
SOLARINDS,Basic Materials
SOMANYCERA,Industrials
SOMATEX,Consumer Cyclical
SOMICONVEY,Industrials
SONACOMS,Consumer Cyclical
SONAMLTD,Consumer Cyclical
SONATSOFTW,Technology
SOTL,Basic Materials
SOUTHBANK,Financial Services
SOUTHWEST,Energy
SPAL,Consumer Cyclical
SPANDANA,Financial Services
SPARC,Healthcare
SPCENET,Financial Services
SPECIALITY,Consumer Cyclical
SPECTRUM,Industrials
SPENCERS,Consumer Cyclical
SPIC,Basic Materials
SPLIL,Consumer Cyclical
SPLPETRO,Basic Materials
SPMLINFRA,Industrials
SPORTKING,Consumer Cyclical
SRD,Basic Materials
SREEL,Consumer Cyclical
SRF,Industrials
SRGHFL,Financial Services
SRHHYPOLTD,Basic Materials
SRM,Industrials
SSDL,Consumer Cyclical
SSWL,Consumer Cyclical
STALLION,Basic Materials
STANLEY,Consumer Cyclical
STAR,Healthcare
STARCEMENT,Basic Materials
STARHEALTH,Financial Services
STARPAPER,Basic Materials
STARTECK,Financial Services
STCINDIA,Industrials
STEELCAS,Basic Materials
STEELCITY,Financial Services
STEELXIND,Basic Materials
STEL,Financial Services
STERTOOLS,Industrials
STLTECH,Technology
STOVEKRAFT,Consumer Cyclical
STYLAMIND,Consumer Cyclical
STYLEBAAZA,Consumer Cyclical
STYRENIX,Basic Materials
SUBEXLTD,Technology
SUBROS,Consumer Cyclical
SUDARSCHEM,Basic Materials
SUKHJITS,Basic Materials
SULA,Consumer Defensive
SUMEETINDS,Consumer Cyclical
SUMICHEM,Basic Materials
SUMIT,Real Estate
SUMMITSEC,Financial Services
SUNCLAY,Industrials
SUNDARAM,Basic Materials
SUNDARMFIN,Financial Services
SUNDARMHLD,Financial Services
SUNDRMBRAK,Consumer Cyclical
SUNDRMFAST,Consumer Cyclical
SUNDROP,Consumer Defensive
SUNFLAG,Basic Materials
SUNPHARMA,Healthcare
SUNTECK,Real Estate
SUNTV,Communication Services
SUPERHOUSE,Consumer Cyclical
SUPERSPIN,Consumer Cyclical
SUPRAJIT,Consumer Cyclical
SUPREME,Real Estate
SUPREMEIND,Industrials
SUPREMEINF,Industrials
SUPRIYA,Healthcare
SURAJEST,Real Estate
SURAJLTD,Basic Materials
SURAKSHA,Healthcare
SURANASOL,Technology
SURANAT&P,Utilities
SURYALAXMI,Consumer Cyclical
SURYAROSNI,Basic Materials
SURYODAY,Financial Services
SUTLEJTEX,Consumer Cyclical
SUVEN,Healthcare
SUVIDHAA,Technology
SUYOG,Communication Services
SUZLON,Industrials
SVLL,Industrials
SVPGLOB,Consumer Cyclical
SWANENERGY,Industrials
SWARAJENG,Consumer Cyclical
SWELECTES,Technology
SWIGGY,Consumer Cyclical
SWSOLAR,Technology
SYMPHONY,Consumer Cyclical
SYNCOMF,Healthcare
SYNGENE,Healthcare
SYRMA,Technology
TAINWALCHM,Basic Materials
TAJGVK,Consumer Cyclical
TAKE,Healthcare
TALBROAUTO,Consumer Cyclical
TANLA,Technology
TARACHAND,Industrials
TARAPUR,Industrials
TARC,Real Estate
TARIL,Industrials
TARMAT,Industrials
TARSONS,Healthcare
TASTYBITE,Consumer Defensive
TATACHEM,Basic Materials
TATACOMM,Communication Services
TATACONSUM,Consumer Defensive
TATAELXSI,Technology
TATAINVEST,Financial Services
TATAMOTORS,Consumer Cyclical
TATAPOWER,Utilities
TATASTEEL,Basic Materials
TATATECH,Technology
TATVA,Basic Materials
TBOTEK,Consumer Cyclical
TBZ,Consumer Cyclical
TCI,Industrials
TCIEXP,Industrials
TCIFINANCE,Financial Services
TCPLPACK,Consumer Cyclical
TCS,Technology
TDPOWERSYS,Industrials
TEAMLEASE,Industrials
TECHM,Technology
TECHNOE,Industrials
TECILCHEM,Financial Services
TEGA,Industrials
TEJASNET,Technology
TEMBO,Industrials
TERASOFT,Technology
TEXINFRA,Real Estate
TEXMOPIPES,Industrials
TEXRAIL,Industrials
TFCILTD,Financial Services
TFL,Financial Services
TGBHOTELS,Consumer Cyclical
THANGAMAYL,Consumer Cyclical
THEINVEST,Financial Services
THEJO,Industrials
THELEELA,Consumer Cyclical
THEMISMED,Healthcare
THERMAX,Industrials
THOMASCOOK,Consumer Cyclical
THOMASCOTT,Consumer Cyclical
THYROCARE,Healthcare
TI,Consumer Defensive
TICL,Industrials
TIIL,Industrials
TIINDIA,Industrials
TIJARIA,Industrials
TIL,Industrials
TIMESGTY,Financial Services
TIMETECHNO,Consumer Cyclical
TIMKEN,Industrials
TINNARUBR,Basic Materials
TIPSFILMS,Communication Services
TIPSMUSIC,Communication Services
TIRUMALCHM,Basic Materials
TIRUPATIFL,Industrials
TITAGARH,Industrials
TITAN,Consumer Cyclical
TMB,Financial Services
TNPETRO,Basic Materials
TNPL,Basic Materials
TNTELE,Technology
TOKYOPLAST,Consumer Cyclical
TOLINS,Consumer Cyclical
TORNTPHARM,Healthcare
TORNTPOWER,Utilities
TOTAL,Industrials
TOUCHWOOD,Communication Services
TPHQ,Industrials
TPLPLASTEH,Consumer Cyclical
TRACXN,Technology
TRANSRAILL,Industrials
TRANSWORLD,Industrials
TRAVELFOOD,Consumer Cyclical
TREEHOUSE,Consumer Defensive
TREJHARA,Technology
TREL,Real Estate
TRENT,Consumer Cyclical
TRF,Industrials
TRIDENT,Consumer Cyclical
TRIGYN,Technology
TRITURBINE,Industrials
TRIVENI,Consumer Defensive
TRU,Financial Services
TTKHLTCARE,Healthcare
TTKPRESTIG,Consumer Cyclical
TTL,Consumer Cyclical
TTML,Communication Services
TVSELECT,Technology
TVSHLTD,Consumer Cyclical
TVSMOTOR,Consumer Cyclical
TVSSCS,Industrials
TVSSRICHAK,Consumer Cyclical
TVTODAY,Communication Services
TVVISION,Communication Services
UBL,Consumer Defensive
UCAL,Consumer Cyclical
UCOBANK,Financial Services
UDAICEMENT,Basic Materials
UDS,Industrials
UEL,Technology
UFLEX,Consumer Cyclical
UFO,Communication Services
UGARSUGAR,Consumer Defensive
UGROCAP,Financial Services
UJJIVANSFB,Financial Services
ULTRACEMCO,Basic Materials
UMAEXPORTS,Consumer Defensive
UMESLTD,Consumer Defensive
UMIYA-MRO,Real Estate
UNICHEMLAB,Healthcare
UNIDT,Energy
UNIECOM,Technology
UNIENTER,Basic Materials
UNIINFO,Communication Services
UNIMECH,Industrials
UNIONBANK,Financial Services
UNIPARTS,Industrials
UNITDSPR,Consumer Defensive
UNITECH,Real Estate
UNITEDPOLY,Consumer Cyclical
UNITEDTEA,Consumer Defensive
UNIVASTU,Industrials
UNIVCABLES,Industrials
UNIVPHOTO,Healthcare
UNOMINDA,Consumer Cyclical
UPL,Basic Materials
URAVIDEF,Consumer Cyclical
URJA,Technology
USHAMART,Basic Materials
USK,Industrials
UTIAMC,Financial Services
UTKARSHBNK,Financial Services
UTTAMSUGAR,Consumer Defensive
UYFINCORP,Financial Services
V2RETAIL,Consumer Cyclical
VADILALIND,Consumer Defensive
VAIBHAVGBL,Consumer Cyclical
VAISHALI,Healthcare
VAKRANGEE,Technology
VALIANTLAB,Healthcare
VALIANTORG,Basic Materials
VARDHACRLC,Consumer Cyclical
VARDMNPOLY,Consumer Cyclical
VARROC,Consumer Cyclical
VASCONEQ,Industrials
VASWANI,Basic Materials
VBL,Consumer Defensive
VCL,Consumer Cyclical
VEDL,Basic Materials
VEEDOL,Basic Materials
VENKEYS,Consumer Defensive
VENTIVE,Consumer Cyclical
VENUSPIPES,Basic Materials
VENUSREM,Healthcare
VERANDA,Consumer Defensive
VERTOZ,Technology
VESUVIUS,Industrials
VETO,Industrials
VGUARD,Industrials
VHL,Financial Services
VHLTD,Consumer Cyclical
VIDHIING,Basic Materials
VIJAYA,Healthcare
VIJIFIN,Financial Services
VIKASECO,Basic Materials
VIKASLIFE,Consumer Defensive
VIMTALABS,Healthcare
VINATIORGA,Basic Materials
VINCOFE,Consumer Defensive
VINDHYATEL,Industrials
VINEETLAB,Basic Materials
VINNY,Consumer Cyclical
VINYLINDIA,Basic Materials
VIPCLOTHNG,Consumer Cyclical
VIPIND,Consumer Cyclical
VIPULLTD,Real Estate
VIRINCHI,Technology
VISAKAIND,Industrials
VISASTEEL,Basic Materials
VISHNU,Basic Materials
VISHWARAJ,Consumer Defensive
VIVIDHA,Consumer Cyclical
VLEGOV,Industrials
VLSFINANCE,Financial Services
VMART,Consumer Cyclical
VMM,Consumer Cyclical
VOLTAMP,Industrials
VOLTAS,Consumer Cyclical
VPRPL,Industrials
VRAJ,Basic Materials
VRLLOG,Industrials
VSSL,Basic Materials
VSTIND,Consumer Defensive
VSTL,Basic Materials
VSTTILLERS,Industrials
VTL,Consumer Cyclical
WAAREEENER,Technology
WAAREEINDO,Technology
WAAREERTL,Utilities
WABAG,Industrials
WALCHANNAG,Industrials
WANBURY,Healthcare
WCIL,Industrials
WEALTH,Financial Services
WEBELSOLAR,Technology
WEIZMANIND,Consumer Cyclical
WEL,Consumer Cyclical
WELCORP,Basic Materials
WELENT,Industrials
WELINV,Financial Services
WELSPUNLIV,Consumer Cyclical
WENDT,Industrials
WESTLIFE,Consumer Cyclical
WEWIN,Technology
WHEELS,Consumer Cyclical
WHIRLPOOL,Consumer Cyclical
WILLAMAGOR,Financial Services
WINDLAS,Healthcare
WINDMACHIN,Industrials
WINSOME,Consumer Cyclical
WIPL,Basic Materials
WIPRO,Technology
WOCKPHARMA,Healthcare
WONDERLA,Consumer Cyclical
WORTH,Consumer Cyclical
WSI,Industrials
WSTCSTPAPR,Basic Materials
XCHANGING,Technology
XELPMOC,Technology
XPROINDIA,Basic Materials
XTGLOBAL,Technology
YAARI,Financial Services
YASHO,Basic Materials
YATHARTH,Healthcare
YATRA,Consumer Cyclical
YESBANK,Financial Services
YUKEN,Industrials
ZAGGLE,Technology
ZEEL,Communication Services
ZEELEARN,Consumer Defensive
ZEEMEDIA,Communication Services
ZENITHEXPO,Consumer Cyclical
ZENITHSTL,Basic Materials
ZENSARTECH,Technology
ZENTEC,Industrials
ZFCVINDIA,Consumer Cyclical
ZIMLAB,Healthcare
ZODIAC,
ZODIACLOTH,Consumer Cyclical
ZOTA,Healthcare
ZUARI,Basic Materials
ZUARIIND,Industrials
ZYDUSLIFE,Healthcare
ZYDUSWELL,Consumer Defensive
